Cellulose,Hemicellulose,Lignin,Size,Temp,Time,SL_ratio,HBA_HBD_ratio,MW,pKa,HBD_count,HBA_count,viscosity,biomass_enc,hbd_enc,LRY
34.8,21.8,19.0,0.2,90,12.0,0.05,0.1666666666666666,61.08,9.5,2.0,2.0,10.0,54.30382954545455,75.91,81.0
34.8,21.8,19.0,0.2,90,12.0,0.05,0.125,105.14,8.88,3.0,3.0,10.0,54.502012048192775,51.91873394948207,73.5
34.8,21.8,19.0,0.2,90,12.0,0.05,0.1,119.16,8.52,2.0,3.0,10.0,55.102467391304344,51.91873394948207,44.6
34.8,21.8,19.0,0.2,90,12.0,0.05,0.5,59.07,15.1,2.0,1.0,1.5,54.27090588235294,51.91873394948207,3.4
34.8,21.8,19.0,0.2,90,12.0,0.05,0.5,60.06,13.9,2.0,2.0,1.5,54.30382954545455,36.005810157790926,27.7
34.8,21.8,19.0,0.2,90,12.0,0.05,0.5,92.09,14.4,3.0,3.0,50.0,54.27090588235294,34.125959425190196,24.7
34.8,21.8,19.0,0.2,50,12.0,0.05,0.1666666666666666,61.08,9.5,2.0,2.0,10.0,54.48154761904762,74.4088888888889,60.8
34.8,21.8,19.0,0.2,70,12.0,0.05,0.1666666666666666,61.08,9.5,2.0,2.0,10.0,54.27090588235294,75.025,76.4
34.8,21.8,19.0,0.2,90,12.0,0.05,0.1666666666666666,61.08,9.5,2.0,2.0,10.0,54.30382954545455,75.91,81.0
34.8,21.8,19.0,0.2,110,12.0,0.05,0.1666666666666666,61.08,9.5,2.0,2.0,10.0,54.27090588235294,75.025,87.7
34.8,21.8,19.0,0.2,130,12.0,0.05,0.1666666666666666,61.08,9.5,2.0,2.0,10.0,54.48154761904762,74.4088888888889,97.6
34.8,21.8,19.0,0.2,70,1.0,0.05,0.1666666666666666,61.08,9.5,2.0,2.0,10.0,54.30382954545455,75.91,58.8
34.8,21.8,19.0,0.2,70,6.0,0.05,0.1666666666666666,61.08,9.5,2.0,2.0,10.0,55.102467391304344,75.928,68.8
34.8,21.8,19.0,0.2,70,9.0,0.05,0.1666666666666666,61.08,9.5,2.0,2.0,10.0,54.502012048192775,75.09777777777778,71.4
34.8,21.8,19.0,0.2,70,24.0,0.05,0.1666666666666666,61.08,9.5,2.0,2.0,10.0,54.502012048192775,75.09777777777778,80.8
38.1,27.3,22.4,0.83,120,6.0,0.1,0.5,90.08,3.86,2.0,3.0,10.0,54.48154761904762,51.86124521072797,85.4
38.1,27.3,22.4,0.83,120,12.0,0.1,0.5,90.08,3.86,2.0,3.0,10.0,54.48154761904762,51.86124521072797,85.9
38.1,27.3,22.4,0.83,120,24.0,0.1,0.5,90.08,3.86,2.0,3.0,10.0,54.27090588235294,52.767703761755484,83.0
38.1,27.3,22.4,0.83,150,6.0,0.1,0.5,90.08,3.86,2.0,3.0,10.0,54.48154761904762,51.86124521072797,82.8
38.1,27.3,22.4,0.83,150,12.0,0.1,0.5,90.08,3.86,2.0,3.0,10.0,54.48154761904762,51.86124521072797,42.2
38.1,27.3,22.4,0.83,150,24.0,0.1,0.5,90.08,3.86,2.0,3.0,10.0,54.502012048192775,52.52197783251232,34.4
40.8,29.2,22.4,0.38,120,9.0,0.1,1.0,90.08,3.86,2.0,3.0,10.0,54.502012048192775,52.52197783251232,81.8
35.8,20.4,20.5,0.83,60,0.1667,0.0526315789473684,1.233,172.2,-1.34,1.0,3.0,1.5,54.48154761904762,81.46662515964239,42.9
35.8,20.4,20.5,0.83,80,0.3333,0.0526315789473684,1.233,172.2,-1.34,1.0,3.0,1.5,54.30382954545455,66.8,58.6
35.8,20.4,20.5,0.83,70,0.1667,0.0526315789473684,0.411,172.2,-1.34,1.0,3.0,1.5,54.27090588235294,74.83995019157088,68.6
35.8,20.4,20.5,0.83,80,0.3333,0.0526315789473684,0.411,172.2,-1.34,1.0,3.0,1.5,54.27090588235294,74.83995019157088,88.9
35.8,20.4,20.5,0.83,80,2.0,0.0526315789473684,1.233,172.2,-1.34,1.0,3.0,1.5,54.30382954545455,66.8,87.1
35.8,20.4,20.5,0.83,80,1.0,0.0526315789473684,0.411,172.2,-1.34,1.0,3.0,1.5,54.30382954545455,66.8,87.1
40.35,30.52,24.16,0.38,100,12.0,0.05,0.5,62.07,15.1,2.0,2.0,10.0,55.102467391304344,26.8625,35.67
40.35,30.52,24.16,0.38,100,12.0,0.05,1.0,192.12,3.13,4.0,7.0,50.0,55.102467391304344,15.44,41.52
40.8,33.900000000000006,17.3,0.023,80,24.0,0.05,0.5,60.06,13.9,2.0,2.0,1.5,54.48154761904762,37.48368684569868,6.277
40.8,33.9,17.3,0.023,60,24.0,0.05,1.0,104.06,2.83,2.0,4.0,10.0,54.48154761904762,50.13833333333333,12.83
40.8,33.9,17.3,0.023,60,24.0,0.05,0.1111111111111111,90.08,3.86,2.0,3.0,10.0,54.30382954545455,53.66330982236155,14.62
40.8,33.9,17.3,0.023,80,24.0,0.05,1.0,134.09,3.4,3.0,5.0,10.0,54.27090588235294,41.65891443167307,21.62
40.8,33.9,17.3,0.023,60,24.0,0.05,0.1,90.08,3.86,2.0,3.0,10.0,54.502012048192775,52.52197783251232,29.13
40.8,33.9,17.3,0.023,60,24.0,0.05,1.0,126.07,1.25,4.0,5.0,10.0,55.102467391304344,57.036860541969595,57.86
36.77,24.98,23.59,0.25,90,6.0,0.05,0.5,90.08,3.86,2.0,3.0,10.0,54.30382954545455,53.66330982236155,27.53
36.77,24.98,23.59,0.25,90,12.0,0.05,0.5,90.08,3.86,2.0,3.0,10.0,54.48154761904762,51.86124521072797,50.42
36.77,24.98,23.59,0.25,120,6.0,0.05,0.5,90.08,3.86,2.0,3.0,10.0,55.102467391304344,53.016349206349204,75.18
36.77,24.98,23.59,0.25,120,12.0,0.05,0.5,90.08,3.86,2.0,3.0,10.0,54.30382954545455,53.66330982236155,88.16
36.77,24.98,23.59,0.25,150,6.0,0.05,0.5,90.08,3.86,2.0,3.0,10.0,54.30382954545455,53.66330982236155,91.17
36.77,24.98,23.59,0.25,150,12.0,0.05,0.5,90.08,3.86,2.0,3.0,10.0,55.102467391304344,53.016349206349204,86.61
36.77,24.98,23.59,0.25,180,6.0,0.05,0.5,90.08,3.86,2.0,3.0,10.0,54.27090588235294,52.767703761755484,73.4
36.77,24.98,23.59,0.25,180,12.0,0.05,0.5,90.08,3.86,2.0,3.0,10.0,54.502012048192775,52.52197783251232,68.71
40.0,28.0,9.0,2.18,60,12.0,0.05,0.5,90.08,3.86,2.0,3.0,10.0,54.30382954545455,53.66330982236155,51.0
40.0,28.0,9.0,2.18,60,12.0,0.05,0.2,90.08,3.86,2.0,3.0,10.0,54.27090588235294,52.767703761755484,60.0
40.0,28.0,9.0,2.18,60,12.0,0.05,0.1111111111111111,90.08,3.86,2.0,3.0,10.0,54.27090588235294,52.767703761755484,59.0
35.1,20.6,22.59,0.4,120,12.0,0.05,0.5,60.06,13.9,2.0,2.0,1.5,54.502012048192775,30.997465236686388,55.51
35.1,20.6,22.59,0.4,120,4.0,0.05,2.0,90.03,1.25,2.0,4.0,10.0,54.502012048192775,57.676585365853654,39.0
35.1,20.6,22.59,0.4,120,4.0,0.05,0.5,60.06,13.9,2.0,2.0,1.5,54.502012048192775,30.997465236686388,50.83
35.5,20.6,21.53,0.4,120,6.0,0.05,1.0,62.07,15.1,2.0,2.0,10.0,54.502012048192775,25.743333333333336,26.16
35.5,20.6,21.53,0.4,120,6.0,0.05,1.0,92.09,14.4,3.0,3.0,50.0,55.102467391304344,34.32525739644971,24.12
35.5,20.6,21.53,0.4,120,6.0,0.05,1.0,152.15,13.5,5.0,5.0,50.0,54.502012048192775,21.4,20.6
35.5,20.6,21.53,0.4,120,6.0,0.05,1.0,45.04,15.5,2.0,1.0,1.5,54.502012048192775,51.91873394948207,45.83
35.5,20.6,21.53,0.4,120,6.0,0.05,1.0,60.06,13.9,2.0,2.0,1.5,54.502012048192775,30.997465236686388,48.52
35.5,20.6,21.53,0.4,120,6.0,0.05,1.0,95.53,13.6,5.0,2.0,10.0,55.102467391304344,51.91873394948207,36.61
35.5,20.6,21.53,0.4,80,6.0,0.05,1.0,62.07,15.1,2.0,2.0,10.0,54.48154761904762,25.606,21.89
35.5,20.6,21.53,0.4,120,3.0,0.05,1.0,62.07,15.1,2.0,2.0,10.0,54.27090588235294,25.320000000000004,28.7
35.5,20.6,21.53,0.4,80,6.0,0.05,1.0,76.09,14.9,2.0,2.0,10.0,54.502012048192775,32.88,26.46
35.5,20.6,21.53,0.4,120,3.0,0.05,1.0,76.09,14.9,2.0,2.0,10.0,54.48154761904762,26.46,32.88
35.5,20.6,21.53,0.4,80,6.0,0.05,1.0,76.09,14.8,2.0,2.0,10.0,54.27090588235294,34.15,29.19
35.5,20.6,21.53,0.4,120,3.0,0.05,1.0,76.09,14.8,2.0,2.0,10.0,54.30382954545455,29.19,34.15
35.5,20.6,21.53,0.4,80,6.0,0.05,1.0,76.05,3.83,2.0,3.0,1.5,54.30382954545455,51.38333333333333,33.17
35.5,20.6,21.53,0.4,120,3.0,0.05,1.0,76.05,3.83,2.0,3.0,1.5,54.27090588235294,44.785,36.88
35.5,20.6,21.53,0.4,80,6.0,0.05,1.0,90.08,3.86,2.0,3.0,10.0,54.30382954545455,53.66330982236155,51.41
35.5,20.6,21.53,0.4,120,3.0,0.05,1.0,90.08,3.86,2.0,3.0,10.0,55.102467391304344,53.016349206349204,25.39
35.5,20.6,21.53,0.4,80,6.0,0.05,1.0,108.52,2.83,1.0,3.0,1.5,54.48154761904762,73.83,51.98
35.5,20.6,21.53,0.4,80,6.0,0.05,1.0,90.03,1.25,2.0,4.0,10.0,54.48154761904762,55.495365853658534,36.8
35.5,20.6,21.53,0.4,80,6.0,0.05,1.0,104.06,2.83,2.0,4.0,10.0,54.48154761904762,50.13833333333333,51.29
43.5,30.3,18.5,1.0,126,2.5,0.075,0.2785515320334262,60.05,4.76,1.0,2.0,1.5,54.48154761904762,69.70635057471264,84.0
43.5,30.3,18.5,1.0,90,1.0,0.075,1.0,60.05,4.76,1.0,2.0,1.5,54.30382954545455,70.59830049261083,53.7
43.5,30.3,18.5,1.0,90,1.0,0.075,0.5,60.05,4.76,1.0,2.0,1.5,54.502012048192775,69.49830049261084,69.3
43.5,30.3,18.5,1.0,90,1.0,0.075,0.25,60.05,4.76,1.0,2.0,1.5,54.48154761904762,69.70635057471264,57.1
43.5,30.3,18.5,1.0,90,1.0,0.075,0.2,60.05,4.76,1.0,2.0,1.5,54.27090588235294,68.353,58.5
43.5,30.3,18.5,1.0,60,1.0,0.075,0.5,60.05,4.76,1.0,2.0,1.5,55.102467391304344,71.5247290640394,61.7
43.5,30.3,18.5,1.0,90,1.0,0.075,0.5,60.05,4.76,1.0,2.0,1.5,54.48154761904762,69.70635057471264,68.9
43.5,30.3,18.5,1.0,120,1.0,0.075,0.5,60.05,4.76,1.0,2.0,1.5,54.27090588235294,68.353,56.6
43.5,30.3,18.5,1.0,140,1.0,0.075,0.5,60.05,4.76,1.0,2.0,1.5,54.27090588235294,68.353,77.7
43.5,30.3,18.5,1.0,160,1.0,0.075,0.5,60.05,4.76,1.0,2.0,1.5,54.27090588235294,68.353,78.3
43.5,30.3,18.5,1.0,140,0.5,0.075,0.5,60.05,4.76,1.0,2.0,1.5,54.48154761904762,69.70635057471264,74.2
43.5,30.3,18.5,1.0,140,1.0,0.075,0.5,60.05,4.76,1.0,2.0,1.5,54.502012048192775,69.49830049261084,78.4
43.5,30.3,18.5,1.0,140,3.0,0.075,0.5,60.05,4.76,1.0,2.0,1.5,54.30382954545455,70.59830049261083,78.6
43.5,30.3,18.5,1.0,140,4.0,0.075,0.5,60.05,4.76,1.0,2.0,1.5,54.27090588235294,68.353,79.7
34.2,19.6,21.91,0.6,90,3.0,0.05,2.0,126.07,1.25,4.0,5.0,10.0,55.102467391304344,57.036860541969595,54.91
34.2,19.6,21.91,0.6,90,3.0,0.05,1.0,126.07,1.25,4.0,5.0,10.0,54.48154761904762,55.06508574807806,63.86
34.2,19.6,21.91,0.6,90,3.0,0.05,0.5,126.07,1.25,4.0,5.0,10.0,55.102467391304344,57.036860541969595,67.44
34.2,19.6,21.91,0.6,120,1.0,0.05,2.0,126.07,1.25,4.0,5.0,10.0,54.48154761904762,55.06508574807806,73.54
34.2,19.6,21.91,0.6,120,1.0,0.05,1.0,126.07,1.25,4.0,5.0,10.0,54.502012048192775,59.2922191011236,74.46
34.2,19.6,21.91,0.6,120,1.0,0.05,0.5,126.07,1.25,4.0,5.0,10.0,54.502012048192775,59.2922191011236,75.07
33.6,18.6,15.3,0.4,120,6.0,0.1,0.1111111111111111,90.08,3.86,2.0,3.0,10.0,55.102467391304344,53.016349206349204,75.0
33.6,18.6,15.3,0.4,120,6.0,0.1,0.5,90.08,3.86,2.0,3.0,10.0,54.27090588235294,52.767703761755484,60.35
33.6,18.6,15.3,0.4,120,6.0,0.1,0.5,108.52,2.83,1.0,3.0,1.5,54.502012048192775,51.98,73.83
33.6,18.6,15.3,0.4,120,6.0,0.1,0.5,76.05,3.83,2.0,3.0,1.5,54.27090588235294,44.785,60.87
33.6,18.6,15.3,0.4,120,6.0,0.1,0.5,106.14,4.34,2.0,2.0,1.5,54.48154761904762,51.91873394948207,56.41
33.6,18.6,15.3,0.4,120,6.0,0.1,0.5,106.14,3.66,2.0,2.0,1.5,54.502012048192775,51.91873394948207,70.61
33.6,18.6,15.3,0.4,120,6.0,0.1,0.5,150.17,4.4,2.0,2.0,10.0,55.102467391304344,51.91873394948207,20.75
30.3,16.7,21.5,1.2,150,15.0,0.0526315789473684,0.5,62.07,15.1,2.0,2.0,10.0,54.48154761904762,25.606,30.7
30.3,16.7,21.5,1.2,150,15.0,0.0526315789473684,1.0,182.17,13.6,6.0,6.0,50.0,54.48154761904762,51.91873394948207,43.2
30.3,16.7,21.5,1.2,150,15.0,0.0526315789473684,1.0,152.15,13.5,5.0,5.0,50.0,54.30382954545455,20.6,21.4
30.3,16.7,21.5,1.2,150,15.0,0.0526315789473684,0.5,92.09,14.4,3.0,3.0,50.0,54.502012048192775,34.10389909685457,52.2
30.3,16.7,21.5,1.2,150,24.0,0.0526315789473684,0.5,92.09,14.4,3.0,3.0,50.0,54.30382954545455,33.77110868888197,53.3
30.3,16.7,21.5,1.2,150,9.0,0.0526315789473684,0.5,92.09,14.4,3.0,3.0,50.0,54.27090588235294,34.125959425190196,30.5
35.49,18.54,14.84,0.38,110,4.0,0.05,0.5,60.06,13.9,2.0,2.0,1.5,54.502012048192775,30.997465236686388,41.24
35.49,18.54,14.84,0.38,110,6.0,0.05,0.5,60.06,13.9,2.0,2.0,1.5,54.30382954545455,36.005810157790926,32.08
35.49,18.54,14.84,0.38,110,8.0,0.05,0.5,60.06,13.9,2.0,2.0,1.5,54.27090588235294,35.556408706677935,33.29
35.49,18.54,14.84,0.38,130,4.0,0.05,0.5,60.06,13.9,2.0,2.0,1.5,54.502012048192775,30.997465236686388,35.71
35.49,18.54,14.84,0.38,130,6.0,0.05,0.5,60.06,13.9,2.0,2.0,1.5,54.502012048192775,30.997465236686388,43.19
35.49,18.54,14.84,0.38,130,8.0,0.05,0.5,60.06,13.9,2.0,2.0,1.5,55.102467391304344,35.32244560764679,44.74
36.9,25.3,25.5,0.38,160,3.0,0.05,1.0,110.11,9.23,2.0,2.0,10.0,31.406666666666666,51.91873394948207,49.0
36.9,25.3,25.5,0.38,160,3.0,0.05,0.5,152.15,7.4,2.0,4.0,10.0,37.879999999999995,14.850000000000001,52.5
36.9,25.3,25.5,0.38,160,3.0,0.05,1.0,164.16,4.4,2.0,3.0,10.0,31.406666666666666,51.91873394948207,60.8
34.5,23.3,20.4,2.0,130,0.5,0.1,0.5,62.07,15.1,2.0,2.0,10.0,45.004999999999995,26.8625,24.0
26.5,11.2,14.8,0.25,80,3.0,0.05,0.5,138.12,4.58,2.0,3.0,10.0,40.223243243243246,32.4,10.4
26.5,11.2,14.8,0.25,80,3.0,0.05,0.5,152.15,7.4,2.0,4.0,10.0,40.223243243243246,38.55,5.1
29.6,13.3,12.7,0.25,80,3.0,0.05,0.5,138.12,4.58,2.0,3.0,10.0,41.25558823529412,10.4,32.4
29.6,13.3,12.7,0.25,80,3.0,0.05,0.5,152.15,7.4,2.0,4.0,10.0,42.20921052631579,28.8,24.6
36.53,21.47,21.5,0.83,80,12.0,0.05,0.5,92.09,14.4,3.0,3.0,50.0,41.25558823529412,34.32525739644971,45.44
36.53,21.47,21.5,0.83,80,12.0,0.05,0.2,90.08,3.86,2.0,3.0,10.0,42.20921052631579,52.767703761755484,62.25
36.53,21.47,21.5,0.83,80,12.0,0.05,1.0,104.06,2.83,2.0,4.0,10.0,42.20921052631579,41.49571428571428,45.95
31.87,19.57,22.73,0.83,80,12.0,0.05,0.5,92.09,14.4,3.0,3.0,50.0,41.25558823529412,34.32525739644971,52.42
31.87,19.57,22.73,0.83,80,12.0,0.05,0.2,90.08,3.86,2.0,3.0,10.0,41.18,52.52197783251232,73.35
31.87,19.57,22.73,0.83,80,12.0,0.05,1.0,104.06,2.83,2.0,4.0,10.0,41.96,40.361428571428576,48.32
36.07,18.3,21.83,0.83,80,12.0,0.05,0.5,92.09,14.4,3.0,3.0,50.0,41.96,33.77110868888197,49.89
36.07,18.3,21.83,0.83,80,12.0,0.05,0.2,90.08,3.86,2.0,3.0,10.0,40.223243243243246,51.86124521072797,65.35
36.07,18.3,21.83,0.83,80,12.0,0.05,1.0,104.06,2.83,2.0,4.0,10.0,42.20921052631579,41.49571428571428,42.34
33.17,17.4,21.97,0.83,80,12.0,0.05,0.5,92.09,14.4,3.0,3.0,50.0,40.223243243243246,34.80214990138067,69.68
33.17,17.4,21.97,0.83,80,12.0,0.05,0.2,90.08,3.86,2.0,3.0,10.0,41.25558823529412,53.016349206349204,74.1
33.17,17.4,21.97,0.83,80,12.0,0.05,1.0,104.06,2.83,2.0,4.0,10.0,41.96,40.361428571428576,47.91
39.97,23.2,25.5,0.83,80,12.0,0.05,0.2,90.08,3.86,2.0,3.0,10.0,41.25558823529412,53.016349206349204,81.63
39.97,23.2,25.5,0.83,80,12.0,0.05,1.0,104.06,2.83,2.0,4.0,10.0,41.18,37.49285714285714,59.81
43.0,26.8,25.9,0.425,80,12.0,0.1,0.5,62.07,15.1,2.0,2.0,10.0,41.25558823529412,26.8625,13.5
43.0,26.8,25.9,0.425,80,12.0,0.1,0.2,90.08,3.86,2.0,3.0,10.0,40.223243243243246,51.86124521072797,50.6
43.0,26.8,25.9,0.425,80,12.0,0.1,0.5,92.09,14.4,3.0,3.0,50.0,41.25558823529412,34.32525739644971,21.4
43.0,26.8,25.9,0.425,80,12.0,0.1,0.5,60.06,13.9,2.0,2.0,1.5,41.18,30.997465236686388,8.1
43.0,26.8,25.9,0.425,80,12.0,0.1,0.4285714285714285,68.08,6.99,1.0,2.0,1.5,41.96,70.7258382642998,29.9
40.88,25.64,23.42,0.25,150,1.0,0.1,0.5,92.09,14.4,3.0,3.0,50.0,41.25558823529412,34.32525739644971,26.02
32.39,22.94,21.91,0.25,130,2.0,0.1,0.5,90.08,3.86,2.0,3.0,10.0,40.223243243243246,51.86124521072797,61.93
43.0,17.0,21.0,0.83,160,4.0,0.1,1.0,166.17,4.66,2.0,3.0,10.0,41.96,47.745000000000005,58.0
43.0,17.0,21.0,0.83,160,4.0,0.1,1.0,196.2,4.56,3.0,4.0,10.0,41.25558823529412,51.91873394948207,53.0
43.0,17.0,21.0,0.83,120,4.0,0.1,1.0,166.17,4.66,2.0,3.0,10.0,42.20921052631579,52.495000000000005,24.0
43.0,17.0,21.0,0.83,140,4.0,0.1,1.0,166.17,4.66,2.0,3.0,10.0,41.96,47.745000000000005,30.0
43.0,17.0,21.0,0.83,160,4.0,0.1,1.0,166.17,4.66,2.0,3.0,10.0,41.25558823529412,44.396,57.0
43.0,17.0,21.0,0.83,160,2.0,0.1,1.0,166.17,4.66,2.0,3.0,10.0,42.20921052631579,52.495000000000005,45.0
43.0,17.0,21.0,0.83,160,6.0,0.1,1.0,166.17,4.66,2.0,3.0,10.0,40.223243243243246,42.8,64.98
37.28,21.26,19.61,0.38,150,1.0,0.1,1.0,90.08,3.86,2.0,3.0,10.0,41.18,52.52197783251232,66.75
37.28,21.26,19.61,0.38,150,2.0,0.1,1.0,90.08,3.86,2.0,3.0,10.0,40.223243243243246,51.86124521072797,44.6
37.28,21.26,19.61,0.38,150,4.0,0.1,1.0,90.08,3.86,2.0,3.0,10.0,42.20921052631579,52.767703761755484,20.29
37.28,21.26,19.61,0.38,150,6.0,0.1,1.0,90.08,3.86,2.0,3.0,10.0,41.25558823529412,53.016349206349204,22.37
37.28,21.26,19.61,0.38,150,8.0,0.1,1.0,90.08,3.86,2.0,3.0,10.0,41.18,52.52197783251232,28.25
37.28,21.26,19.61,0.38,150,10.0,0.1,1.0,90.08,3.86,2.0,3.0,10.0,41.96,53.66330982236155,13.43
37.28,21.26,19.61,0.38,90,4.0,0.1,1.0,90.08,3.86,2.0,3.0,10.0,41.18,52.52197783251232,19.8
37.28,21.26,19.61,0.38,100,4.0,0.1,1.0,90.08,3.86,2.0,3.0,10.0,40.223243243243246,51.86124521072797,23.5
37.28,21.26,19.61,0.38,110,4.0,0.1,1.0,90.08,3.86,2.0,3.0,10.0,41.96,53.66330982236155,38.38
37.28,21.26,19.61,0.38,120,4.0,0.1,1.0,90.08,3.86,2.0,3.0,10.0,42.20921052631579,52.767703761755484,53.54
37.28,21.26,19.61,0.38,130,4.0,0.1,1.0,90.08,3.86,2.0,3.0,10.0,40.223243243243246,51.86124521072797,60.04
37.28,21.26,19.61,0.38,140,4.0,0.1,1.0,90.08,3.86,2.0,3.0,10.0,41.96,53.66330982236155,34.13
37.28,21.26,19.61,0.38,150,4.0,0.1,1.0,90.08,3.86,2.0,3.0,10.0,42.20921052631579,52.767703761755484,22.52
37.28,21.26,19.61,0.38,150,8.0,0.1,1.0,90.08,3.86,2.0,3.0,10.0,41.25558823529412,53.016349206349204,33.42
37.28,21.26,19.61,0.38,140,4.0,0.1,1.0,90.08,3.86,2.0,3.0,10.0,41.25558823529412,53.016349206349204,29.05
31.5,25.2,16.9,2.18,80,15.0,0.0625,0.5,92.09,14.4,3.0,3.0,50.0,46.89870898332436,34.10389909685457,20.5325443786982
31.5,25.2,16.9,2.18,115,15.0,0.0625,0.5,92.09,14.4,3.0,3.0,50.0,46.89870898332436,34.10389909685457,26.2485207100592
31.5,25.2,16.9,2.18,150,15.0,0.0625,0.5,92.09,14.4,3.0,3.0,50.0,45.50085207100592,33.77110868888197,58.9940828402367
31.5,25.2,16.9,2.18,80,15.0,0.0625,0.5,60.06,13.9,2.0,2.0,1.5,54.986320918900105,35.32244560764679,27.1479289940828
31.5,25.2,16.9,2.18,115,15.0,0.0625,0.5,60.06,13.9,2.0,2.0,1.5,43.819260355029584,37.48368684569868,37.5147928994083
31.5,25.2,16.9,2.18,80,15.0,0.0625,0.4285714285714285,68.08,6.99,1.0,2.0,1.5,43.819260355029584,63.8207100591716,50.6153846153846
31.5,25.2,16.9,2.18,115,15.0,0.0625,0.4285714285714285,68.08,6.99,1.0,2.0,1.5,46.89870898332436,55.13826429980276,76.6627218934911
31.5,25.2,16.9,2.18,150,15.0,0.0625,0.4285714285714285,68.08,6.99,1.0,2.0,1.5,49.083999013806704,52.39270216962523,84.8994082840237
39.19,36.89,16.49,0.83,90,24.0,0.05,0.5,90.08,3.86,2.0,3.0,10.0,43.819260355029584,51.86124521072797,64.7
39.19,36.89,16.49,0.83,90,24.0,0.05,0.2,90.08,3.86,2.0,3.0,10.0,46.89870898332436,52.52197783251232,77.9
39.19,36.89,16.49,0.83,90,24.0,0.05,0.5,76.05,3.83,2.0,3.0,1.5,43.819260355029584,43.64000000000001,56.4
39.19,36.89,16.49,0.83,90,24.0,0.05,0.5,116.12,4.61,1.0,3.0,10.0,54.986320918900105,51.91873394948207,43.0
39.19,36.89,16.49,0.83,90,24.0,0.05,1.0,104.06,2.83,2.0,4.0,10.0,46.89870898332436,37.49285714285714,56.5
39.19,36.89,16.49,0.83,90,24.0,0.05,1.0,132.12,5.41,2.0,4.0,10.0,54.986320918900105,51.91873394948207,34.3
39.19,36.89,16.49,0.83,90,24.0,0.05,1.0,134.09,3.4,3.0,5.0,10.0,54.986320918900105,41.39891443167307,22.4
39.19,36.89,16.49,0.83,70,24.0,0.05,0.5,90.08,3.86,2.0,3.0,10.0,49.083999013806704,52.767703761755484,18.1
39.19,36.89,16.49,0.83,80,24.0,0.05,0.5,90.08,3.86,2.0,3.0,10.0,54.986320918900105,53.016349206349204,31.1
39.19,36.89,16.49,0.83,90,24.0,0.05,0.5,90.08,3.86,2.0,3.0,10.0,43.819260355029584,51.86124521072797,42.7
39.19,36.89,16.49,0.83,100,24.0,0.05,0.5,90.08,3.86,2.0,3.0,10.0,43.819260355029584,51.86124521072797,65.8
39.19,36.89,16.49,0.83,110,24.0,0.05,0.5,90.08,3.86,2.0,3.0,10.0,43.819260355029584,51.86124521072797,95.5
39.19,36.89,16.49,0.83,90,1.5,0.05,0.5,90.08,3.86,2.0,3.0,10.0,49.083999013806704,52.767703761755484,8.6
39.19,36.89,16.49,0.83,90,3.0,0.05,0.5,90.08,3.86,2.0,3.0,10.0,54.986320918900105,53.016349206349204,15.7
39.19,36.89,16.49,0.83,90,6.0,0.05,0.5,90.08,3.86,2.0,3.0,10.0,54.986320918900105,53.016349206349204,20.9
39.19,36.89,16.49,0.83,90,12.0,0.05,0.5,90.08,3.86,2.0,3.0,10.0,54.986320918900105,53.016349206349204,25.7
39.19,36.89,16.49,0.83,90,36.0,0.05,0.5,90.08,3.86,2.0,3.0,10.0,54.986320918900105,53.016349206349204,48.5
45.6,16.2,27.4,0.38,90,0.5,0.1,1.0,126.07,1.25,4.0,5.0,10.0,64.10303779171021,59.2922191011236,15.0
45.6,16.2,27.4,0.38,90,1.0,0.1,1.0,126.07,1.25,4.0,5.0,10.0,64.10303779171021,59.2922191011236,32.6
45.6,16.2,27.4,0.38,90,1.5,0.1,1.0,126.07,1.25,4.0,5.0,10.0,64.10303779171021,59.2922191011236,51.6
45.6,16.2,27.4,0.38,90,2.0,0.1,1.0,126.07,1.25,4.0,5.0,10.0,64.10303779171021,59.2922191011236,56.9
45.6,16.2,27.4,0.38,90,2.5,0.1,1.0,126.07,1.25,4.0,5.0,10.0,64.10303779171021,59.2922191011236,69.2
45.6,16.2,27.4,0.38,90,3.0,0.1,1.0,126.07,1.25,4.0,5.0,10.0,58.59229471264368,53.05759051186018,82.1
45.6,16.2,27.4,0.38,90,5.0,0.1,1.0,126.07,1.25,4.0,5.0,10.0,58.59229471264368,53.05759051186018,82.4
43.2,20.8,28.5,0.42,130,6.0,0.05,0.5,46.03,3.75,1.0,2.0,1.5,59.49574712643678,53.948908045977,96.0
43.2,20.8,28.5,0.42,130,6.0,0.05,0.5,90.08,3.86,2.0,3.0,10.0,58.59229471264368,52.767703761755484,97.9
43.2,20.8,28.5,0.42,70,9.0,0.05,0.1666666666666666,61.08,9.5,2.0,2.0,10.0,58.59229471264368,75.025,63.78
48.6,20.9,25.8,0.38,80,4.0,0.1,1.0,90.03,1.25,2.0,4.0,10.0,59.49574712643678,57.187948717948714,43.28
48.6,20.9,25.8,0.38,90,4.0,0.1,1.0,90.03,1.25,2.0,4.0,10.0,59.49574712643678,57.187948717948714,57.56
48.6,20.9,25.8,0.38,100,4.0,0.1,1.0,90.03,1.25,2.0,4.0,10.0,63.24929668499084,54.351578947368424,69.53
48.6,20.9,25.8,0.38,110,4.0,0.1,1.0,90.03,1.25,2.0,4.0,10.0,63.24929668499084,54.351578947368424,82.07
48.6,20.9,25.8,0.38,120,4.0,0.1,1.0,90.03,1.25,2.0,4.0,10.0,64.10303779171021,57.676585365853654,88.42
45.44,26.17,26.1,0.38,120,3.0,0.05,0.5,90.08,3.86,2.0,3.0,10.0,59.49574712643678,53.016349206349204,88.6784482758621
45.44,26.17,26.1,0.38,120,3.0,0.05,0.5,60.05,4.76,1.0,2.0,1.5,58.59229471264368,68.353,86.3462068965517
45.44,26.17,26.1,0.38,120,3.0,0.05,0.5,46.03,3.75,1.0,2.0,1.5,64.35131609195403,56.75,87.596724137931
45.44,26.17,26.1,0.38,120,3.0,0.05,0.5,134.09,3.4,3.0,5.0,10.0,64.10303779171021,20.183333333333334,86.0467432950192
45.44,26.17,26.1,0.38,120,3.0,0.05,0.5,192.12,3.13,4.0,7.0,50.0,59.49574712643678,15.44,87.2257011494253
45.44,26.17,26.1,0.38,120,3.0,0.05,1.0,172.2,-1.34,1.0,3.0,1.5,63.24929668499084,66.8,98.4997509578544
38.4,21.3,29.6,1.0,110,1.5,0.0666666666666666,2.0,90.08,3.86,2.0,3.0,10.0,63.24929668499084,53.66330982236155,0.2
38.4,21.3,29.6,1.0,110,1.5,0.0666666666666666,1.0,90.08,3.86,2.0,3.0,10.0,64.35131609195403,51.86124521072797,11.2
38.4,21.3,29.6,1.0,110,1.5,0.0666666666666666,0.5,90.08,3.86,2.0,3.0,10.0,63.24929668499084,53.66330982236155,23.7
38.4,21.3,29.6,1.0,110,1.5,0.0666666666666666,0.25,90.08,3.86,2.0,3.0,10.0,58.59229471264368,52.767703761755484,42.3
38.4,21.3,29.6,1.0,110,1.5,0.0666666666666666,0.125,90.08,3.86,2.0,3.0,10.0,63.24929668499084,53.66330982236155,41.2
38.4,21.3,29.6,1.0,130,1.5,0.0666666666666666,2.0,90.08,3.86,2.0,3.0,10.0,64.35131609195403,51.86124521072797,19.0
38.4,21.3,29.6,1.0,130,1.5,0.0666666666666666,1.0,90.08,3.86,2.0,3.0,10.0,64.10303779171021,52.52197783251232,25.5
38.4,21.3,29.6,1.0,130,1.5,0.0666666666666666,0.5,90.08,3.86,2.0,3.0,10.0,63.24929668499084,53.66330982236155,66.1
38.4,21.3,29.6,1.0,130,1.5,0.0666666666666666,0.25,90.08,3.86,2.0,3.0,10.0,63.24929668499084,53.66330982236155,83.6
38.4,21.3,29.6,1.0,130,1.5,0.0666666666666666,0.125,90.08,3.86,2.0,3.0,10.0,64.10303779171021,52.52197783251232,84.1
29.1,12.6,18.2,0.55,90,1.0,0.1,2.5,90.03,1.25,2.0,4.0,10.0,68.2253125,54.351578947368424,33.6
29.1,12.6,18.2,0.55,90,1.0,0.1,2.0,90.03,1.25,2.0,4.0,10.0,69.17833333333333,57.187948717948714,38.8
29.1,12.6,18.2,0.55,90,1.0,0.1,1.0,90.03,1.25,2.0,4.0,10.0,67.51806451612903,55.495365853658534,49.2
29.1,12.6,18.2,0.55,90,1.0,0.1,0.5,90.03,1.25,2.0,4.0,10.0,70.35068965517242,56.72243902439024,51.5
29.1,12.6,18.2,0.55,90,1.0,0.1,0.3333333333333333,90.03,1.25,2.0,4.0,10.0,69.17833333333333,57.187948717948714,51.6
29.1,12.6,18.2,0.55,100,1.0,0.1,2.5,90.03,1.25,2.0,4.0,10.0,70.35068965517242,56.72243902439024,42.5
29.1,12.6,18.2,0.55,100,1.0,0.1,2.0,90.03,1.25,2.0,4.0,10.0,70.35068965517242,56.72243902439024,33.6
29.1,12.6,18.2,0.55,100,1.0,0.1,1.0,90.03,1.25,2.0,4.0,10.0,69.17833333333333,57.187948717948714,64.7
29.1,12.6,18.2,0.55,100,1.0,0.1,0.5,90.03,1.25,2.0,4.0,10.0,69.17833333333333,57.187948717948714,62.3
29.1,12.6,18.2,0.55,100,1.0,0.1,0.3333333333333333,90.03,1.25,2.0,4.0,10.0,67.49911764705882,57.676585365853654,54.0
29.1,12.6,18.2,0.55,110,1.0,0.1,2.5,90.03,1.25,2.0,4.0,10.0,68.2253125,54.351578947368424,59.9
29.1,12.6,18.2,0.55,110,1.0,0.1,2.0,90.03,1.25,2.0,4.0,10.0,69.17833333333333,57.187948717948714,52.4
29.1,12.6,18.2,0.55,110,1.0,0.1,1.0,90.03,1.25,2.0,4.0,10.0,70.35068965517242,56.72243902439024,60.1
29.1,12.6,18.2,0.55,110,1.0,0.1,0.5,90.03,1.25,2.0,4.0,10.0,69.17833333333333,57.187948717948714,72.3
29.1,12.6,18.2,0.55,110,1.0,0.1,0.3333333333333333,90.03,1.25,2.0,4.0,10.0,70.35068965517242,56.72243902439024,60.0
29.1,12.6,18.2,0.55,120,1.0,0.1,2.5,90.03,1.25,2.0,4.0,10.0,67.51806451612903,55.495365853658534,61.5
29.1,12.6,18.2,0.55,120,1.0,0.1,2.0,90.03,1.25,2.0,4.0,10.0,67.51806451612903,55.495365853658534,61.3
29.1,12.6,18.2,0.55,120,1.0,0.1,1.0,90.03,1.25,2.0,4.0,10.0,67.49911764705882,57.676585365853654,75.2
29.1,12.6,18.2,0.55,120,1.0,0.1,0.5,90.03,1.25,2.0,4.0,10.0,68.2253125,54.351578947368424,74.7
29.1,12.6,18.2,0.55,120,1.0,0.1,0.3333333333333333,90.03,1.25,2.0,4.0,10.0,70.35068965517242,56.72243902439024,58.1
29.1,12.6,18.2,0.55,130,1.0,0.1,2.5,90.03,1.25,2.0,4.0,10.0,70.35068965517242,56.72243902439024,83.6
29.1,12.6,18.2,0.55,130,1.0,0.1,2.0,90.03,1.25,2.0,4.0,10.0,68.2253125,54.351578947368424,81.5
29.1,12.6,18.2,0.55,130,1.0,0.1,1.0,90.03,1.25,2.0,4.0,10.0,67.51806451612903,55.495365853658534,79.8
29.1,12.6,18.2,0.55,130,1.0,0.1,0.5,90.03,1.25,2.0,4.0,10.0,67.49911764705882,57.676585365853654,73.8
29.1,12.6,18.2,0.55,130,1.0,0.1,0.3333333333333333,90.03,1.25,2.0,4.0,10.0,69.17833333333333,57.187948717948714,60.6
29.1,12.6,18.2,0.55,140,1.0,0.1,2.5,90.03,1.25,2.0,4.0,10.0,67.49911764705882,57.676585365853654,79.8
29.1,12.6,18.2,0.55,140,1.0,0.1,2.0,90.03,1.25,2.0,4.0,10.0,67.51806451612903,55.495365853658534,86.5
29.1,12.6,18.2,0.55,140,1.0,0.1,1.0,90.03,1.25,2.0,4.0,10.0,68.2253125,54.351578947368424,76.1
29.1,12.6,18.2,0.55,140,1.0,0.1,0.5,90.03,1.25,2.0,4.0,10.0,68.2253125,54.351578947368424,69.6
29.1,12.6,18.2,0.55,140,1.0,0.1,0.3333333333333333,90.03,1.25,2.0,4.0,10.0,67.51806451612903,55.495365853658534,64.3
43.2,22.46,21.53,0.9,120,1.0,0.075,0.5,74.04,3.18,2.0,3.0,10.0,70.35068965517242,92.77833333333332,61.54
43.2,22.46,21.53,0.9,130,1.0,0.075,0.5,74.04,3.18,2.0,3.0,10.0,67.51806451612903,88.96571428571428,79.93
43.2,22.46,21.53,0.9,140,1.0,0.075,0.5,74.04,3.18,2.0,3.0,10.0,68.2253125,88.21375,93.08
43.2,22.46,21.53,0.9,130,1.0,0.075,0.3333333333333333,74.04,3.18,2.0,3.0,10.0,70.35068965517242,92.77833333333332,90.57
43.2,22.46,21.53,0.9,130,1.0,0.075,0.25,74.04,3.18,2.0,3.0,10.0,67.49911764705882,88.10875,93.92
43.2,22.46,21.53,0.9,130,1.0,0.075,0.2,74.04,3.18,2.0,3.0,10.0,69.17833333333333,86.45,95.54
43.2,22.46,21.53,0.9,130,0.5,0.075,0.25,74.04,3.18,2.0,3.0,10.0,70.35068965517242,92.77833333333332,90.01
43.2,22.46,21.53,0.9,130,1.5,0.075,0.25,74.04,3.18,2.0,3.0,10.0,67.51806451612903,88.96571428571428,96.1
43.2,22.46,21.53,0.9,130,2.0,0.075,0.25,74.04,3.18,2.0,3.0,10.0,69.17833333333333,86.45,98.1
30.8,12.4,15.1,0.38,160,0.1667,0.1,1.0,46.03,3.75,1.0,2.0,1.5,38.83642857142858,78.898908045977,21.15
30.8,12.4,15.1,0.38,160,0.1667,0.1,0.5,90.03,1.25,2.0,4.0,10.0,32.956,55.495365853658534,44.73
30.8,12.4,15.1,0.38,160,0.1667,0.1,0.5,104.06,2.83,2.0,4.0,10.0,32.956,50.13833333333333,13.81
30.8,12.4,15.1,0.38,160,0.1667,0.1,0.5,118.09,4.21,2.0,4.0,10.0,32.956,51.91873394948207,11.9
30.8,12.4,15.1,0.38,160,0.1667,0.1,0.5,134.09,3.4,3.0,5.0,10.0,29.623076923076926,43.355581098339734,16.53
30.8,12.4,15.1,0.38,160,0.1667,0.1,0.5,150.09,2.98,4.0,6.0,50.0,29.623076923076926,51.91873394948207,16.07
30.8,12.4,15.1,0.38,160,0.1667,0.1,0.5,192.12,3.13,4.0,7.0,50.0,38.83642857142858,64.37285057471266,15.44
30.8,12.4,15.1,0.38,100,0.1667,0.1,0.5,90.03,1.25,2.0,4.0,10.0,38.83642857142858,57.676585365853654,28.25
30.8,12.4,15.1,0.38,120,0.1667,0.1,0.5,90.03,1.25,2.0,4.0,10.0,31.718235294117648,57.187948717948714,37.74
30.8,12.4,15.1,0.38,140,0.1667,0.1,0.5,90.03,1.25,2.0,4.0,10.0,29.623076923076926,54.351578947368424,39.67
30.8,12.4,15.1,0.38,160,0.1667,0.1,0.5,90.03,1.25,2.0,4.0,10.0,29.623076923076926,54.351578947368424,42.15
30.8,12.4,15.1,0.38,180,0.1667,0.1,0.5,90.03,1.25,2.0,4.0,10.0,31.718235294117648,57.187948717948714,43.73
30.8,12.4,15.1,0.38,160,0.0833,0.1,0.5,90.03,1.25,2.0,4.0,10.0,38.83642857142858,57.676585365853654,4.79
30.8,12.4,15.1,0.38,160,0.1333,0.1,0.5,90.03,1.25,2.0,4.0,10.0,38.83642857142858,57.676585365853654,7.34
30.8,12.4,15.1,0.38,160,0.1667,0.1,0.5,90.03,1.25,2.0,4.0,10.0,30.609411764705882,56.72243902439024,46.14
30.8,12.4,15.1,0.38,160,0.2,0.1,0.5,90.03,1.25,2.0,4.0,10.0,30.609411764705882,56.72243902439024,54.18
30.8,12.4,15.1,0.38,160,0.2,0.0833333333333333,0.5,90.03,1.25,2.0,4.0,10.0,29.623076923076926,54.351578947368424,55.42
30.8,12.4,15.1,0.38,160,0.2,0.0714285714285714,0.5,90.03,1.25,2.0,4.0,10.0,29.623076923076926,54.351578947368424,65.74
30.8,12.4,15.1,0.38,160,0.2,0.0625,0.5,90.03,1.25,2.0,4.0,10.0,32.956,55.495365853658534,55.9
51.8,17.5,17.8,1.0,70,2.0,0.05,1.0,126.07,1.25,4.0,5.0,10.0,45.87932584269663,59.2922191011236,24.4
51.8,17.5,17.8,1.0,80,2.0,0.05,1.0,126.07,1.25,4.0,5.0,10.0,48.81610486891386,57.036860541969595,33.8
51.8,17.5,17.8,1.0,90,2.0,0.05,1.0,126.07,1.25,4.0,5.0,10.0,48.8,58.45222222222222,59.3
51.8,17.5,17.8,1.0,100,2.0,0.05,1.0,126.07,1.25,4.0,5.0,10.0,45.87932584269663,59.2922191011236,72.9
51.8,17.5,17.8,1.0,90,1.0,0.05,1.0,126.07,1.25,4.0,5.0,10.0,48.8,58.45222222222222,32.0
51.8,17.5,17.8,1.0,90,1.5,0.05,1.0,126.07,1.25,4.0,5.0,10.0,48.8,58.45222222222222,40.19662921348315
51.8,17.5,17.8,1.0,90,2.5,0.05,1.0,126.07,1.25,4.0,5.0,10.0,43.76610486891386,53.05759051186018,64.1
36.49,14.91,13.1,0.5,100,3.0,0.1,0.5,60.05,4.76,1.0,2.0,1.5,55.961,71.5247290640394,57.63
36.49,14.91,13.1,0.5,100,3.0,0.1,0.5,46.03,3.75,1.0,2.0,1.5,55.67111111111112,68.248908045977,53.1
36.49,14.91,13.1,0.5,100,3.0,0.1,0.5,90.08,3.86,2.0,3.0,10.0,55.67111111111112,52.767703761755484,67.3
36.49,14.91,13.1,0.5,100,3.0,0.1,0.5,60.06,13.9,2.0,2.0,1.5,56.505,36.005810157790926,39.23
36.49,14.91,13.1,0.5,100,3.0,0.1,0.5,92.09,14.4,3.0,3.0,50.0,55.67111111111112,34.125959425190196,47.56
36.49,14.91,13.1,0.5,60,1.0,0.1,0.5,90.08,3.86,2.0,3.0,10.0,55.961,53.016349206349204,51.91
36.49,14.91,13.1,0.5,60,2.0,0.1,0.5,90.08,3.86,2.0,3.0,10.0,56.39000000000001,51.86124521072797,52.29
36.49,14.91,13.1,0.5,60,3.0,0.1,0.5,90.08,3.86,2.0,3.0,10.0,55.961,53.016349206349204,55.0
36.49,14.91,13.1,0.5,80,1.0,0.1,0.5,90.08,3.86,2.0,3.0,10.0,55.67111111111112,52.767703761755484,52.75
36.49,14.91,13.1,0.5,80,2.0,0.1,0.5,90.08,3.86,2.0,3.0,10.0,56.39000000000001,51.86124521072797,55.88
36.49,14.91,13.1,0.5,80,3.0,0.1,0.5,90.08,3.86,2.0,3.0,10.0,55.69307692307692,52.52197783251232,60.84
36.49,14.91,13.1,0.5,100,1.0,0.1,0.5,90.08,3.86,2.0,3.0,10.0,55.961,53.016349206349204,60.7
36.49,14.91,13.1,0.5,100,2.0,0.1,0.5,90.08,3.86,2.0,3.0,10.0,55.67111111111112,52.767703761755484,63.1
36.49,14.91,13.1,0.5,100,3.0,0.1,0.5,90.08,3.86,2.0,3.0,10.0,56.505,53.66330982236155,67.56
28.02,24.15,18.11,1.0,80,3.0,0.0625,0.5,92.09,14.4,3.0,3.0,50.0,30.518333333333334,33.77110868888197,12.2
28.02,24.15,18.11,1.0,80,6.0,0.0625,0.5,92.09,14.4,3.0,3.0,50.0,28.217142857142857,34.80214990138067,12.2
28.02,24.15,18.11,1.0,80,16.0,0.0625,0.5,92.09,14.4,3.0,3.0,50.0,30.518333333333334,33.77110868888197,13.31
28.02,24.15,18.11,1.0,115,3.0,0.0625,0.5,92.09,14.4,3.0,3.0,50.0,21.038333333333334,34.10389909685457,24.35
28.02,24.15,18.11,1.0,115,6.0,0.0625,0.5,92.09,14.4,3.0,3.0,50.0,28.217142857142857,34.80214990138067,25.46
28.02,24.15,18.11,1.0,115,16.0,0.0625,0.5,92.09,14.4,3.0,3.0,50.0,30.518333333333334,33.77110868888197,26.56
28.02,24.15,18.11,1.0,150,3.0,0.0625,0.5,92.09,14.4,3.0,3.0,50.0,24.835,34.125959425190196,36.5
28.02,24.15,18.11,1.0,150,6.0,0.0625,0.5,92.09,14.4,3.0,3.0,50.0,21.038333333333334,34.10389909685457,40.92
28.02,24.15,18.11,1.0,150,16.0,0.0625,0.5,92.09,14.4,3.0,3.0,50.0,21.038333333333334,34.10389909685457,43.68
